{"count":1,"self":101.94076799999999,"total":294.3967671,"children":{"InitializeActuators":{"count":8,"self":0.0029909999999999997,"total":0.0029909999999999997,"children":null},"InitializeSensors":{"count":8,"self":0.0079788999999999988,"total":0.0079788999999999988,"children":null},"AgentSendState":{"count":19167,"self":0.5374702,"total":2.9338059999999997,"children":{"CollectObservations":{"count":30672,"self":0.58478639999999993,"total":0.58478639999999993,"children":null},"WriteActionMask":{"count":30672,"self":0.0794619,"total":0.0794619,"children":null},"RequestDecision":{"count":30672,"self":0.3516378,"total":1.7320875,"children":{"AgentInfo.ToProto":{"count":30672,"self":0.3175611,"total":1.3804497,"children":{"GenerateSensorData":{"count":30672,"self":1.0628886,"total":1.0628886,"children":null}}}}}}},"DecideAction":{"count":19167,"self":187.30250239999998,"total":187.3024993,"children":null},"AgentAct":{"count":19167,"self":2.1918332,"total":2.2067285,"children":{"AgentInfo.ToProto":{"count":568,"self":0.0040006999999999994,"total":0.0148954,"children":{"GenerateSensorData":{"count":568,"self":0.0108947,"total":0.0108947,"children":null}}}}}},"gauges":{"Futbolito.CumulativeReward":{"count":568,"max":2,"min":-2,"runningAverage":1.25843322E-10,"value":-2,"weightedAverage":-1.03857565}},"metadata":{"timer_format_version":"0.1.0","start_time_seconds":"1644192429","unity_version":"2020.3.25f1","command_line_arguments":"D:\\Unity\\2020.3.25f1\\Editor\\Unity.exe -projectpath D:\/ITESM\/Examen Final - Sistemas\/Table-Football -useHub -hubIPC -cloudEnvironment production -hubSessionId 9534bd10-878e-11ec-9be5-ed13d58ea3f4","communication_protocol_version":"1.5.0","com.unity.ml-agents_version":"2.1.0-exp.1","scene_name":"Aaa","end_time_seconds":"1644192724"}}