{"count":1,"self":5.0518472,"total":5.093309,"children":{"InitializeActuators":{"count":8,"self":0.0028079999999999997,"total":0.0028079999999999997,"children":null},"InitializeSensors":{"count":8,"self":0.0025039999999999997,"total":0.0025039999999999997,"children":null},"AgentSendState":{"count":226,"self":0.006219,"total":0.014986999999999999,"children":{"CollectObservations":{"count":368,"self":0.004984,"total":0.004984,"children":null},"WriteActionMask":{"count":368,"self":0.000996,"total":0.000996,"children":null},"RequestDecision":{"count":368,"self":0.0027879999999999997,"total":0.0027879999999999997,"children":null}}},"DecideAction":{"count":226,"self":0.004606,"total":0.004606,"children":null},"AgentAct":{"count":226,"self":0.014957999999999999,"total":0.014957999999999999,"children":null}},"gauges":{},"metadata":{"timer_format_version":"0.1.0","start_time_seconds":"1644196984","unity_version":"2020.3.25f1","command_line_arguments":"\/home\/rey\/Desktop\/unity-editors\/2020.3.25f1\/Editor\/Unity -projectpath \/home\/rey\/Desktop\/Table-Football -useHub -hubIPC -cloudEnvironment production -hubSessionId 4b4e2bc0-87b4-11ec-98a0-237780e7a360","communication_protocol_version":"1.5.0","com.unity.ml-agents_version":"2.1.0-exp.1","scene_name":"Futbolito","end_time_seconds":"1644196989"}}